[{"_allAttributes":null,"_properties":null,"_methods":null,"file":"c:/Users/User/Desktop/event-management/event-management/force-app/main/default/lwc/attendeeCheckIn/attendeeCheckIn.js","metadata":{"decorators":[{"type":"wire","targets":[{"type":"method","name":"wiredAttendees","static":{},"params":{},"adapter":{"name":"getAttendees","reference":"@salesforce/apex/AttendeeController.getAttendees"}}]},{"type":"track","targets":[{"name":"attendees","type":"property"},{"name":"error","type":"property"}]}],"classMembers":[{"name":"attendees","type":"property","decorator":"track","loc":{"start":{"line":22,"column":4},"end":{"line":22,"column":21}}},{"name":"error","type":"property","decorator":"track","loc":{"start":{"line":23,"column":4},"end":{"line":23,"column":17}}},{"name":"columns","type":"property","loc":{"start":{"line":24,"column":4},"end":{"line":24,"column":22}}},{"name":"wiredAttendees","type":"method","decorator":"wire","loc":{"start":{"line":26,"column":4},"end":{"line":38,"column":5}}},{"name":"handleRowAction","type":"method","loc":{"start":{"line":40,"column":4},"end":{"line":51,"column":5}}}],"declarationLoc":{"start":{"line":21,"column":0},"end":{"line":52,"column":1}},"doc":"","exports":[{"type":"ExportDefaultDeclaration"}]},"updatedAt":"2025-05-05T12:14:32.246Z"},{"_allAttributes":null,"_properties":null,"_methods":null,"file":"c:/Users/User/Desktop/event-management/event-management/force-app/main/default/lwc/attendeeForm/attendeeForm.js","metadata":{"decorators":[{"type":"api","targets":[{"name":"eventId","type":"property","value":{"type":"unresolved"}}]}],"classMembers":[{"name":"eventId","type":"property","value":{"type":"unresolved"},"decorator":"api","loc":{"start":{"line":5,"column":4},"end":{"line":5,"column":17}}},{"name":"name","type":"property","value":{"type":"string","value":""},"loc":{"start":{"line":6,"column":4},"end":{"line":6,"column":14}}},{"name":"email","type":"property","value":{"type":"string","value":""},"loc":{"start":{"line":7,"column":4},"end":{"line":7,"column":15}}},{"name":"phone","type":"property","value":{"type":"string","value":""},"loc":{"start":{"line":8,"column":4},"end":{"line":8,"column":15}}},{"name":"handleNameChange","type":"method","loc":{"start":{"line":10,"column":4},"end":{"line":12,"column":5}}},{"name":"handleEmailChange","type":"method","loc":{"start":{"line":14,"column":4},"end":{"line":16,"column":5}}},{"name":"handlePhoneChange","type":"method","loc":{"start":{"line":18,"column":4},"end":{"line":20,"column":5}}},{"name":"handleSubmit","type":"method","loc":{"start":{"line":22,"column":4},"end":{"line":34,"column":5}}}],"declarationLoc":{"start":{"line":4,"column":0},"end":{"line":35,"column":1}},"doc":"","exports":[{"type":"ExportDefaultDeclaration"}]},"updatedAt":"2025-05-08T19:13:50.435Z"},{"_allAttributes":null,"_properties":null,"_methods":null,"file":"c:/Users/User/Desktop/event-management/event-management/force-app/main/default/lwc/eventList/eventList.js","metadata":{"decorators":[{"type":"wire","targets":[{"type":"method","name":"wiredEvents","static":{},"params":{},"adapter":{"name":"getUpcomingEvents","reference":"@salesforce/apex/EventController.getUpcomingEvents"}}]},{"type":"track","targets":[{"name":"events","type":"property"},{"name":"isModalOpen","type":"property"},{"name":"selectedEventId","type":"property"}]}],"classMembers":[{"name":"events","type":"property","decorator":"track","loc":{"start":{"line":5,"column":4},"end":{"line":5,"column":23}}},{"name":"isModalOpen","type":"property","value":{"type":"boolean","value":false},"decorator":"track","loc":{"start":{"line":6,"column":4},"end":{"line":6,"column":31}}},{"name":"selectedEventId","type":"property","value":{"type":"null","value":null},"decorator":"track","loc":{"start":{"line":7,"column":4},"end":{"line":7,"column":34}}},{"name":"wiredEvents","type":"method","decorator":"wire","loc":{"start":{"line":9,"column":4},"end":{"line":16,"column":5}}},{"name":"handleRegisterClick","type":"method","loc":{"start":{"line":18,"column":4},"end":{"line":21,"column":5}}},{"name":"closeModal","type":"method","loc":{"start":{"line":23,"column":4},"end":{"line":25,"column":5}}}],"declarationLoc":{"start":{"line":4,"column":0},"end":{"line":26,"column":1}},"doc":"","exports":[{"type":"ExportDefaultDeclaration"}]},"updatedAt":"2025-05-05T13:07:12.495Z"}]